,0
0,Bain & Company
1,Zoom Video Communications
2,In-N-Out Burger
3,Procore Technologies
4,Boston Consulting Group
5,LinkedIn
6,Facebook
7,Google
8,lululemon
9,Southwest Airlines
10,Salesforce
11,Intuitive Surgical
12,St. Jude Children's Research Hospital
13,Slalom
14,Power Home Remodeling
15,HubSpot
16,DocuSign
17,Ultimate Software
18,McKinsey & Company
19,Paylocity
20,"Ryan, LLC"
21,Sammons Financial Group
22,Trader Joe's
23,Lawrence Livermore National Laboratory
24,Smile Brands
25,Fast Enterprises
26,SAP
27,Delta Air Lines
28,Navy Federal Credit Union
29,Adobe
30,H E B
31,Compass
32,Illumina
33,Microsoft
34,Trilogy Health Services
35,NVIDIA
36,E. & J. Gallo Winery
37,Intuit
38,NIH
39,TaskUs
40,Cengage
41,Blizzard Entertainment
42,Equity Residential
43,Kronos Incorporated
44,Nebraska Furniture Mart
45,Wegmans Food Markets
46,The Clorox Company
47,SpaceX
48,Johnson & Johnson
49,Crowe
50,VMware
51,Northside Hospital
52,Vi
53,ABC Supply Co.
54,AvalonBay Communities
55,Boston Scientific
56,Keller Williams
57,AppDynamics
58,T-Mobile
59,Rose International
60,Hilti North America
61,Paycom
62,John Deere
63,NewYork-Presbyterian Hospital
64,Oshkosh Corporation
65,Memorial Sloan Kettering
66,VIPKid
67,MD Anderson Cancer Center
68,Cisco Systems
69,Travelers
70,Apple
71,Omni Hotels
72,BAYADA Home Health Care
73,Aptive Environmental
74,Goldman Sachs
75,Kimpton Hotels & Restaurants
76,Texas Instruments
77,Costco Wholesale
78,Deloitte
79,Discount Tire
80,NetApp
81,Phoenix Children's Hospital
82,Massachusetts General Hospital
83,FedEx Freight
84,Edward Jones
85,HP Inc.
86,Accenture
87,Texas Health Resources
88,Sport Clips
89,Gensler
90,Expedia Group
91,BOK Financial
92,Chevron
93,EY
94,Raising Cane's
95,FLIK Hospitality Group
96,Kaiser Permanente
97,World Wide Technology
98,Morgan Stanley
